CustomerID,PC1,PC2
12347,5.876141,4.828917
12348,-4.219837,1.226217
12349,-1.260847,2.387664
12350,-4.92932,-0.714859
12352,-2.053113,2.11095
